nombre,apellido,DNI
juan,perez,33546787
carlos,lopez,22435676
claudia,garcia,34657898
german,martinez,25324565
maria,aguire,35768909
esteban,rodriguez,24213454
jose,alvez,36879010
jorge,monzon,29102343
elsa,barrientos,77980121
marcelo,jerez,28091232
hernan,ramirez,32345678
francisco,alvarez,32121212
andrea,santos,34567890
pedro,gomez,36789012
paula,estevez,33901234
claudio,miguez,35168920
martin,acosta,31003744
mario,robles,35913391
ana,sanchez,30000099
alejandro,gutierrez,29448912