id,nombre,apellido,dni,clave
100,Juan,Perez,33263109,abcd1234
101,Pedro,Sanchez,36263109,abcd1235
102,Candela,Soto,28123456,abcd1236
103,Alma,Valdez,28123473,abcd1237
104,Jose,Alvarez,28123490,abcd1238
105,Maria,Gomez,28123507,abcd1239
106,Carlos,Garcia,28123524,abcd1230
107,Pedro,Lopez,28123541,abcd2135
108,Ana,Andrada,28123558,abcd2136
109,Ada,Juarez,28123575,abcd2137
110,Eda,Paez,28123592,abcd2138
111,Maximiliano,Gutierrez,28123609,abcd2139
112,Antonio,Sande,28123626,abcd2130
113,Alberto,Rodriguez,28123643,abcd3125
114,Cristina,Lencina,28123660,abcd3126
115,Gabriela,Smith,28123677,abcd3127
116,Constanza,Bo,28123694,abcd3128
117,Carolina,Sanchez,28123711,abcd3129
118,Evelina,Martinez,28123728,abcd3120
119,Carla,Martin,28123745,abcd4123
120,Patricia,Villanueva,28123762,abcd4124
121,Sabrina,Jimenez,28123779,abcd4125
122,Mario,Ruiz,28123796,abcd4126
123,Elba,Hernandez,28123813,abcd4127
124,Stella,Diaz,28123830,abcd4128
125,Estela,Moreno,28123847,abcd4129
126,Margarita,Munoz,28123864,abcd4120
127,Valeria,Gimenez,28123881,bacd1234
128,Belen,Romero,28123898,bace1234
129,Beatriz,Alonso,28123915,bacf1234
130,Alicia,Torres,28123932,bacg1234
131,Andrea,Navarro,28123949,bach1234
132,Analia,Dominguez,28123966,baci1234
133,Carmen,Vazquez,28123983,bacj1234
134,Celeste,Ramos,28124000,back1234
135,Aldana,Flores,28124017,bacl1234
136,Sofia,Sosa,28124034,bacm1234
137,Selma,Ayala,28124051,bacn1234
138,Celia,Ruiz,28124068,baco1234
139,Marcela,Ramirez,28124085,bacp1234
140,Blanca,Benitez,28124102,bacq1234
141,Rosa,Acosta,28124119,bacr1234
142,Pablo,Medina,28124136,bacs1234
143,Enzo,Herrera,28124153,bact1234
144,Daniel,Aguirre,28124170,bacu1234
145,Gustavo,Pereyra,28124187,bacv1234
146,Joaquin,Rojas,28124204,bacw1234
147,Hernan,Molina,28124221,bacx1234
148,Mariano,Castro,28124238,bacy1234
149,Nestor,Ortiz,28124255,bacz1234
150,Omar,Silva,28124272,bcad1234
151,Adrian,Nunez,28124289,bcae1234
152,Marcelo,Luna,28124306,bcaf1234
153,Ricardo,Rios,28124323,bcag1234
154,Enrique,Cabrera,28124340,bcah1234
155,Victor,Godoy,28124357,bcai1234
156,Victoria,Moreno,28124374,bcaj1234
157,Amalia,Morales,28124391,bcak1234
158,Eber,Ferreyra,28124408,bcal1234
159,Diego,Carrizo,28124425,bcam1234
160,Armando,Peralta,28124442,bcan1234
161,Martin,Castillo,28124459,bcao1234
162,Paloma,Ledesma,28124476,bcap1234
163,Camila,Quiroga,28124493,bcaq1234
164,Candela,Vega,28124510,bcar1234
165,Roberto,Vera,28124527,bcas1234
166,Silvio,Ojeda,28124544,bcat1234
167,Leonardo,Ponce,28124561,bcau1234
168,Favio,Villalba,28124578,bcav1234
169,Fabricio,Cardozo,28124595,bcaw1234
170,Federico,Coronel,28124612,bcax1234
171,Vanesa,Ramos,28124629,bcay1234
172,Angela,Vargas,28124646,bcaz1234
173,Angel,Caceres,28124663,qwer1234
174,Claudio,Arias,28124680,qwer1235
175,Mauricio,Figueroa,28124697,qwer1236
176,Yanina,Cordoba,28124714,qwer1237
177,Raquel,Correa,28124731,qwer1238
178,Norberto,Maldonado,28124748,qwer1239
179,Hugo,Paz,28124765,qwer1230
180,Orlando,Rivero,28124782,qwer2345
181,Anibal,Miranda,28124799,qwer2346
182,Cesar,Mansilla,28124816,qwer2347
183,Andres,Farias,28124833,qwer2348
184,Eduardo,Roldan,28124850,qwer2349
185,Liliana,Mendez,28124867,qwer2340
186,Alvaro,Guzman,28124884,qwer3456
187,Nolberto,Aguero,28124901,qwer3457
188,Candido,Hernandez,28124918,qwer3458
189,Higinio,Lucero,28124935,qwer3459
190,Asuncion,Paez,28124952,qwer3450
191,Noemi,Cruz,28124969,qwer4567
192,Noelia,Escobar,28124986,qwer4568
193,Monica,Mendoza,28125003,qwer4569
194,Laura,Barrios,28125020,qwer45670
195,Samuel,Bustos,28125037,qwer5678
196,Karen,Avila,28125054,qwer5679
197,Mabel,Blanco,28125071,qwer5670
198,Lorena,Soria,28125088,qwer6789
199,Alejandra,Maidana,28125105,qwer6780
200,Alejandro,Acuna,28125122,asdf1234
201,Augusto,Leiva,28125139,asdf1235
202,Humberto,Duarte,28125156,asdf1236
203,Miguel,Moyano,28125173,asdf1237
204,Jeremias,Campos,28125190,asdf1238
